wkt;
POLYGON ((-1969798.94566812 587548.583713684, -1969798.94566812 845945.32478978, -2138483.33523937 845945.32478978, -2138483.33523937 587548.583713684, -1969798.94566812 587548.583713684))